{
  "years": [2011.0, 2012.0, 2013.0, 2014.0, 2015.0, 2016.0, 2017.0, 2018.0, 2019.0, 2020.0],
  "subfields": {
    "Machine learning": {
      "raw": [
        8.835390997359434, 8.610913832648356, 8.680500844634828, 8.878420132175936,
        9.483342338706919, 10.603333644567936, 11.215644983974112, 11.623073803730739,
        11.44060089595473, 9.328501619722177
      ],
      "smooth": [
        8.835390997359434, 8.723152415003895, 8.708935224880873, 8.723278269819707,
        9.014087771839227, 9.655032038483597, 10.43410698908299, 11.147350810757596,
        11.426439894553193, 10.797392106469216
      ]
    },
    "Computer vision": {
      "raw": [
        8.643424743873352, 8.825138838760754, 8.993803568353128, 8.853233627885363,
        9.312012256427444, 8.797099722786559, 8.513695554557701, 7.603406326034063,
        8.569840681733975, 6.028660846647998
      ],
      "smooth": [
        8.643424743873352, 8.734281791317052, 8.820789050329077, 8.890725344999748,
        9.053016484221978, 8.987448535699789, 8.874269177923901, 8.304733867792775,
        8.22898085410858, 7.400635951472013
      ]
    },
    "Mathematical optimization": {
      "raw": [
        8.710159793368513, 9.012197630329915, 9.119124657840446, 9.16292120881031,
        9.110930243692248, 9.019900769822693, 8.894910425344131, 7.617122274700634,
        7.112398531442622, 8.867292593202658
      ],
      "smooth": [
        8.710159793368513, 8.861178711849213, 8.94716069384629, 9.098081165660224, 9.130992036781,
        9.09791740744175, 9.00858047961969, 8.51064448995582, 7.874810410495795, 7.865604466448637
      ]
    },
    "Computer network": {
      "raw": [
        8.907069383854239, 8.928758542804252, 8.448913334237208, 8.557380887345378,
        8.101416465470662, 7.90943716978277, 7.830543641515569, 7.17523018939936, 7.155512142544376,
        5.699225827705485
      ],
      "smooth": [
        8.907069383854239, 8.917913963329244, 8.761580420298566, 8.645017588128946,
        8.369236895684415, 8.189411507532936, 7.947132425589667, 7.638403666899233,
        7.3870953244864355, 6.676656053216408
      ]
    },
    "Pattern recognition": {
      "raw": [
        7.292245963971313, 7.309264067248024, 7.368293764359708, 7.548147018237157,
        7.857929402430767, 7.801256314574473, 8.514314912593097, 9.080554362864367,
        8.663141230758868, 6.725964970076319
      ],
      "smooth": [
        7.292245963971313, 7.300755015609669, 7.323267931859682, 7.408568283281629,
        7.591456728342545, 7.735777578414132, 8.057833543199445, 8.465375196677313,
        8.752670168738776, 8.156553521233185
      ]
    },
    "Distributed computing": {
      "raw": [
        7.3820499194648015, 7.187016101803449, 6.9340671823641715, 6.799291939963887,
        6.614503895109055, 6.44641988982295, 6.4812721614047035, 7.393790849673203,
        7.5081680083532625, 6.5118322077636845
      ],
      "smooth": [
        7.3820499194648015, 7.284533010634125, 7.167711067877474, 6.973458408043836,
        6.782621005812371, 6.620071908298631, 6.51406531544557, 6.773827633633618,
        7.127743673143724, 7.137930355263383
      ]
    },
    "Data mining": {
      "raw": [
        7.460319421959127, 7.554924264474741, 7.478590980545917, 7.491388698709104,
        7.8647689266734595, 7.975440370133069, 6.674202189430655, 4.708446638996231,
        4.773485129172421, 4.705430187228902
      ],
      "smooth": [
        7.460319421959127, 7.507621843216935, 7.4979448889932625, 7.508301314576587,
        7.611582868642826, 7.777199331838543, 7.504803828745729, 6.4526963995199855,
        5.385377985866437, 4.729120651799185
      ]
    },
    "Control theory": {
      "raw": [
        4.9738209111393985, 5.426257310622378, 5.744616140037157, 5.362951716407056,
        5.623798808554877, 5.555859635340367, 5.697164888592973, 5.202518963789895,
        5.21438916770521, 5.117223960907044
      ],
      "smooth": [
        4.9738209111393985, 5.200039110880889, 5.381564787266311, 5.511275055688864,
        5.577122221666364, 5.514203386767433, 5.6256077774960715, 5.485181162574411,
        5.371357673362692, 5.1780440308007165
      ]
    },
    "Real-time computing": {
      "raw": [
        6.141272332554758, 6.307995016940075, 6.288773502284728, 6.274632223826433,
        6.013651690388416, 5.879436300472325, 5.76653298855736, 4.537593626258289,
        4.7987470106773555, 3.299840773074178
      ],
      "smooth": [
        6.141272332554758, 6.224633674747416, 6.246013617259854, 6.290466914350412,
        6.192352472166526, 6.055906738229059, 5.8865403264727005, 5.394520971762657,
        5.034291208497668, 4.212060470003274
      ]
    },
    "Algorithm": {
      "raw": [
        5.513468533600274, 5.501546533785069, 5.3741494105878, 5.250144556345048, 5.198722376871465,
        5.099954602676832, 5.350943746806435, 5.983731692190259, 5.546161878136684,
        5.144676879152254
      ],
      "smooth": [
        5.513468533600274, 5.507507533692671, 5.463054825991048, 5.375280166905973,
        5.274338781268105, 5.182940511964449, 5.216540242118244, 5.478210013891175,
        5.626945772377792, 5.558190149826399
      ]
    },
    "Discrete mathematics": {
      "raw": [
        5.789471516080264, 5.8162865337074505, 5.741684652563769, 5.682217263752364,
        5.843347536745344, 5.492432169637884, 5.426195748107087, 4.61332951672153,
        4.048300717437435, 5.292922637676385
      ],
      "smooth": [
        5.789471516080264, 5.802879024893857, 5.782480900783828, 5.746729483341194,
        5.755749817687158, 5.672665656711864, 5.5873251514967714, 5.1773191448221665,
        4.695941994088684, 4.651517623945117
      ]
    },
    "Electronic engineering": {
      "raw": [
        5.245704446119687, 5.288873882789427, 5.17444182646327, 5.049716740511605,
        5.381337674151386, 5.057454980987859, 5.084000433550625, 5.565395257859835,
        5.93721580383307, 6.143963103277878
      ],
      "smooth": [
        5.245704446119687, 5.2672891644545565, 5.236340051790795, 5.171010816588101,
        5.2018320803754206, 5.16283646521695, 5.174264362896623, 5.235616890799441,
        5.52887049841451, 5.882191388323594
      ]
    },
    "Theoretical computer science": {
      "raw": [
        4.433761343928552, 4.425764437872807, 4.330906305995992, 4.239846468745677,
        4.132782523647656, 4.029736856509043, 3.7718904355635385, 3.579564429177997,
        3.427195257502779, 3.2010102673914234
      ],
      "smooth": [
        4.433761343928552, 4.42976289090068, 4.396810695932451, 4.332172404204825,
        4.234511766129775, 4.1341219496341255, 3.978136605240079, 3.7937305737501927,
        3.5928833740814383, 3.4025899846907333
      ]
    },
    "Knowledge management": {
      "raw": [
        4.42964189642885, 4.126936077897179, 4.179568265182357, 4.062476720220506,
        3.827739742423517, 3.7934132025718705, 3.3665206013966524, 3.103978817804494,
        3.064771464178652, 3.2504255202328003
      ],
      "smooth": [
        4.42964189642885, 4.278288987163014, 4.245382079836129, 4.12299368776668, 4.023261575942127,
        3.894543221738631, 3.6625578487973467, 3.421304207257672, 3.1784236277932663,
        3.1397252674053155
      ]
    },
    "Combinatorics": {
      "raw": [
        3.9727951687119725, 4.00701664512774, 3.846111565084519, 3.8535351564578555,
        4.059257638038698, 3.771197491234453, 3.6616447052629955, 2.8174347597919946,
        2.3594597325608815, 3.376708944160764
      ],
      "smooth": [
        3.9727951687119725, 3.989905906919856, 3.94197445964141, 3.9022211222233714,
        3.919634786527024, 3.8946634285770023, 3.830699944845382, 3.4167589854298144,
        2.946179732538624, 2.8512011455045467
      ]
    }
  }
}
